<MigrationProcessCSVMetadataVO>
   <MigrationProcessCSVMetadataVORow>
      <ProcessId>-999</ProcessId>
      <ProcessName>SKHUBCHA_20250617_032248_668</ProcessName>
      <ProcessDescription>SKHUBCHA_20250617_032248_668</ProcessDescription>
      <ProcessDate>2025-06-17 15:25:20.076</ProcessDate>
      <ObjectShortName>PAY_MANAGE_FAST_FORMULA</ObjectShortName>
      <ObjectType>TASK</ObjectType>
      <CreatedByFlow>TASK_CSV</CreatedByFlow>
      <ProcessType>EXPORT</ProcessType>
      <ProcessStatus>COMPLETED</ProcessStatus>
      <ProcessEnv>esfe-dev19</ProcessEnv>
      <ProcessStartDate>2025-06-17 15:22:48.983</ProcessStartDate>
      <ProcessEndDate>2025-06-17 15:25:20.076</ProcessEndDate>
      <ProcessRelease>11.13.25.04.0</ProcessRelease>
      <SubmittedBy>HCM.UserTech1</SubmittedBy>
      <ESSRequestId>8437416</ESSRequestId>
      <MigrationProcessBusinessObjectCSVMetadata1>
         <MigrationProcessBusinessObjectCSVMetadataVORow>
            <ProcessId>-999</ProcessId>
            <BusinessObjectShortName>FF_FORMULA</BusinessObjectShortName>
            <BatchName>Formula</BatchName>
            <XmlAttributeList>ViewInstanceName,GroupingKey,LogicalStartDate,LogicalEndDate,EffectiveStartDate,EffectiveEndDate,BaseFormulaName,Compile,CompileFlag,EditStatus,EssCtxt,FormulaText,LegislationCode,LegislationDiscriminator,ModuleId,FormulaName,LegislativeDataGroupName,FormulaTypeName,FormulaName1,Description,FormulaId,FormulaTypeId,LegislativeDataGroupId</XmlAttributeList>
            <XmlAttributeTypeList>string,string,date,date,date,date,string,string,string,string,string,clob,string,string,string,string,string,string,string,string,string,string,string</XmlAttributeTypeList>
            <XmlNodePath>/FormulaVO/FormulaVORow</XmlNodePath>
            <NodeSequence>1</NodeSequence>
         </MigrationProcessBusinessObjectCSVMetadataVORow>
         <MigrationProcessBusinessObjectCSVMetadataVORow>
            <ProcessId>-999</ProcessId>
            <BusinessObjectShortName>FF_FORMULA_TRANSLATION</BusinessObjectShortName>
            <BatchName>Formula</BatchName>
            <XmlAttributeList>ViewInstanceName,GroupingKey,Description,FormulaName,Language,SourceLang,LegislativeDataGroupName,BaseFormulaName,FormulaId,LegislativeDataGroupId</XmlAttributeList>
            <XmlAttributeTypeList>string,string,string,string,string,string,string,string,string,string</XmlAttributeTypeList>
            <XmlNodePath>/FormulaVO/FormulaVORow/FormulaTranslationVO/FormulaTranslationVORow</XmlNodePath>
            <NodeSequence>1</NodeSequence>
         </MigrationProcessBusinessObjectCSVMetadataVORow>
         <MigrationProcessBusinessObjectCSVMetadataVORow>
            <ProcessId>-999</ProcessId>
            <BusinessObjectShortName>FF_FUNCTION</BusinessObjectShortName>
            <BatchName>Function</BatchName>
            <XmlAttributeList>ViewInstanceName,GroupingKey,AliasName,BaseFunctionName,DataType,Definition,Description,FunctionKey,InterpreterCallFlag,LegislationCode,LegislativeDataGroupName,FunctionId,LegislativeDataGroupId</XmlAttributeList>
            <XmlAttributeTypeList>string,string,string,string,string,string,string,string,string,string,string,string,string</XmlAttributeTypeList>
            <XmlNodePath>/FunctionVO/FunctionVORow</XmlNodePath>
            <NodeSequence>1</NodeSequence>
         </MigrationProcessBusinessObjectCSVMetadataVORow>
         <MigrationProcessBusinessObjectCSVMetadataVORow>
            <ProcessId>-999</ProcessId>
            <BusinessObjectShortName>FF_GLOBAL</BusinessObjectShortName>
            <BatchName>GlobalName</BatchName>
            <XmlAttributeList>ViewInstanceName,GroupingKey,LogicalStartDate,LogicalEndDate,EffectiveStartDate,EffectiveEndDate,BaseGlobalName,DataType,GlobalValue,GlobalName,LegislativeDataGroupName,LegislationCode,GlobalId,LegislativeDataGroupId</XmlAttributeList>
            <XmlAttributeTypeList>string,string,date,date,date,date,string,string,string,string,string,string,string,string</XmlAttributeTypeList>
            <XmlNodePath>/GlobalNameVO/GlobalNameVORow</XmlNodePath>
            <NodeSequence>1</NodeSequence>
         </MigrationProcessBusinessObjectCSVMetadataVORow>
         <MigrationProcessBusinessObjectCSVMetadataVORow>
            <ProcessId>-999</ProcessId>
            <BusinessObjectShortName>FF_GLOBAL_TRANSLATION</BusinessObjectShortName>
            <BatchName>GlobalName</BatchName>
            <XmlAttributeList>ViewInstanceName,GroupingKey,Description,GlobalName,Language,SourceLang,LegislativeDataGroupName,BaseGlobalName,GlobalId,LegislativeDataGroupId</XmlAttributeList>
            <XmlAttributeTypeList>string,string,string,string,string,string,string,string,string,string</XmlAttributeTypeList>
            <XmlNodePath>/GlobalNameVO/GlobalNameVORow/GlobalNameTranslationVO/GlobalNameTranslationVORow</XmlNodePath>
            <NodeSequence>1</NodeSequence>
         </MigrationProcessBusinessObjectCSVMetadataVORow>
      </MigrationProcessBusinessObjectCSVMetadata1>
      <MigrationProcessBatchCSVMetadata>
         <MigrationProcessBatchCSVMetadataVORow>
            <ProcessId>-999</ProcessId>
            <BatchName>GlobalName</BatchName>
            <ImportSequence>0</ImportSequence>
            <ServiceName>oracle.apps.hcm.formulas.core.GlobalMigrationService.GlobalMigrationService</ServiceName>
            <BatchSize>500</BatchSize>
         </MigrationProcessBatchCSVMetadataVORow>
         <MigrationProcessBatchCSVMetadataVORow>
            <ProcessId>-999</ProcessId>
            <BatchName>GlobalNameGlobal</BatchName>
            <ImportSequence>1</ImportSequence>
            <ServiceName>oracle.apps.hcm.formulas.core.GlobalMigrationService.GlobalMigrationService</ServiceName>
            <BatchSize null="true"/>
         </MigrationProcessBatchCSVMetadataVORow>
         <MigrationProcessBatchCSVMetadataVORow>
            <ProcessId>-999</ProcessId>
            <BatchName>Function</BatchName>
            <ImportSequence>0</ImportSequence>
            <ServiceName>oracle.apps.hcm.formulas.core.FunctionMigrationService.FunctionMigrationService</ServiceName>
            <BatchSize>500</BatchSize>
         </MigrationProcessBatchCSVMetadataVORow>
         <MigrationProcessBatchCSVMetadataVORow>
            <ProcessId>-999</ProcessId>
            <BatchName>Formula</BatchName>
            <ImportSequence>0</ImportSequence>
            <ServiceName>oracle.apps.hcm.formulas.core.FormulaMigrationService.FormulaMigrationService</ServiceName>
            <BatchSize>500</BatchSize>
         </MigrationProcessBatchCSVMetadataVORow>
         <MigrationProcessBatchCSVMetadataVORow>
            <ProcessId>-999</ProcessId>
            <BatchName>FormulaGlobal</BatchName>
            <ImportSequence>1</ImportSequence>
            <ServiceName>oracle.apps.hcm.formulas.core.FormulaMigrationService.FormulaMigrationService</ServiceName>
            <BatchSize null="true"/>
         </MigrationProcessBatchCSVMetadataVORow>
      </MigrationProcessBatchCSVMetadata>
      <MigrationProcessScopeValueCSVMetadata>
         <MigrationProcessScopeValueCSVMetadataVORow>
            <ProcessId>-999</ProcessId>
            <MigScopeValueSetId>100003316944436</MigScopeValueSetId>
            <BusinessObjectShortName>FF_FORMULA</BusinessObjectShortName>
            <ScopeValueBoAttributeId>FormulaId</ScopeValueBoAttributeId>
            <ScopeValueBoAttributeValue>HCM_SKHUBCHA_20251706_test</ScopeValueBoAttributeValue>
            <ScopeValueBoAttributeValueCode>300000289905903</ScopeValueBoAttributeValueCode>
         </MigrationProcessScopeValueCSVMetadataVORow>
      </MigrationProcessScopeValueCSVMetadata>
      <MigrationProcessMigrationObjectCSVMetadata>
         <MigrationProcessMigrationObjectCSVMetadataVORow>
            <ProcessId>-999</ProcessId>
            <BusinessObjectShortName>FF_FORMULA</BusinessObjectShortName>
            <MigrateFlag>Y</MigrateFlag>
            <IncludeExternalDataFlag>Y</IncludeExternalDataFlag>
         </MigrationProcessMigrationObjectCSVMetadataVORow>
         <MigrationProcessMigrationObjectCSVMetadataVORow>
            <ProcessId>-999</ProcessId>
            <BusinessObjectShortName>FF_FUNCTION</BusinessObjectShortName>
            <MigrateFlag>Y</MigrateFlag>
            <IncludeExternalDataFlag>Y</IncludeExternalDataFlag>
         </MigrationProcessMigrationObjectCSVMetadataVORow>
         <MigrationProcessMigrationObjectCSVMetadataVORow>
            <ProcessId>-999</ProcessId>
            <BusinessObjectShortName>FF_GLOBAL</BusinessObjectShortName>
            <MigrateFlag>Y</MigrateFlag>
            <IncludeExternalDataFlag>Y</IncludeExternalDataFlag>
         </MigrationProcessMigrationObjectCSVMetadataVORow>
      </MigrationProcessMigrationObjectCSVMetadata>
      <MigrationProcessTaskCSVMetadata null="true"/>
      <MigrationProcessServiceVersionCSVMetadata null="true"/>
   </MigrationProcessCSVMetadataVORow>
</MigrationProcessCSVMetadataVO>