"FF_FORMULA.FormulaName","FF_FORMULA.EffectiveStartDate","FF_FORMULA.EffectiveEndDate","FF_FORMULA.LegislativeDataGroupName","FF_FORMULA.FormulaTypeName","FF_FORMULA.LegislationCode","ViewInstanceName","GroupingKey","Description","FormulaName","Language","SourceLang","LegislativeDataGroupName","BaseFormulaName","FormulaId","LegislativeDataGroupId"
"HCM_SKHUBCHA_20251706_test","2025/06/17","4712/12/31","","Extract Criteria","","FormulaTranslation","HCM_SKHUBCHA_20251706_test,null","","HCM_SKHUBCHA_20251706_test","AR","US","","","","#null"
"HCM_SKHUBCHA_20251706_test","2025/06/17","4712/12/31","","Extract Criteria","","FormulaTranslation","HCM_SKHUBCHA_20251706_test,null","","HCM_SKHUBCHA_20251706_test","CS","US","","","","#null"
"HCM_SKHUBCHA_20251706_test","2025/06/17","4712/12/31","","Extract Criteria","","FormulaTranslation","HCM_SKHUBCHA_20251706_test,null","","HCM_SKHUBCHA_20251706_test","D","US","","","","#null"
"HCM_SKHUBCHA_20251706_test","2025/06/17","4712/12/31","","Extract Criteria","","FormulaTranslation","HCM_SKHUBCHA_20251706_test,null","","HCM_SKHUBCHA_20251706_test","DK","US","","","","#null"
"HCM_SKHUBCHA_20251706_test","2025/06/17","4712/12/31","","Extract Criteria","","FormulaTranslation","HCM_SKHUBCHA_20251706_test,null","","HCM_SKHUBCHA_20251706_test","E","US","","","","#null"
"HCM_SKHUBCHA_20251706_test","2025/06/17","4712/12/31","","Extract Criteria","","FormulaTranslation","HCM_SKHUBCHA_20251706_test,null","","HCM_SKHUBCHA_20251706_test","EL","US","","","","#null"
"HCM_SKHUBCHA_20251706_test","2025/06/17","4712/12/31","","Extract Criteria","","FormulaTranslation","HCM_SKHUBCHA_20251706_test,null","","HCM_SKHUBCHA_20251706_test","F","US","","","","#null"
"HCM_SKHUBCHA_20251706_test","2025/06/17","4712/12/31","","Extract Criteria","","FormulaTranslation","HCM_SKHUBCHA_20251706_test,null","","HCM_SKHUBCHA_20251706_test","FRC","US","","","","#null"
"HCM_SKHUBCHA_20251706_test","2025/06/17","4712/12/31","","Extract Criteria","","FormulaTranslation","HCM_SKHUBCHA_20251706_test,null","","HCM_SKHUBCHA_20251706_test","HR","US","","","","#null"
"HCM_SKHUBCHA_20251706_test","2025/06/17","4712/12/31","","Extract Criteria","","FormulaTranslation","HCM_SKHUBCHA_20251706_test,null","","HCM_SKHUBCHA_20251706_test","HU","US","","","","#null"
"HCM_SKHUBCHA_20251706_test","2025/06/17","4712/12/31","","Extract Criteria","","FormulaTranslation","HCM_SKHUBCHA_20251706_test,null","","HCM_SKHUBCHA_20251706_test","I","US","","","","#null"
"HCM_SKHUBCHA_20251706_test","2025/06/17","4712/12/31","","Extract Criteria","","FormulaTranslation","HCM_SKHUBCHA_20251706_test,null","","HCM_SKHUBCHA_20251706_test","IW","US","","","","#null"
"HCM_SKHUBCHA_20251706_test","2025/06/17","4712/12/31","","Extract Criteria","","FormulaTranslation","HCM_SKHUBCHA_20251706_test,null","","HCM_SKHUBCHA_20251706_test","JA","US","","","","#null"
"HCM_SKHUBCHA_20251706_test","2025/06/17","4712/12/31","","Extract Criteria","","FormulaTranslation","HCM_SKHUBCHA_20251706_test,null","","HCM_SKHUBCHA_20251706_test","KO","US","","","","#null"
"HCM_SKHUBCHA_20251706_test","2025/06/17","4712/12/31","","Extract Criteria","","FormulaTranslation","HCM_SKHUBCHA_20251706_test,null","","HCM_SKHUBCHA_20251706_test","N","US","","","","#null"
"HCM_SKHUBCHA_20251706_test","2025/06/17","4712/12/31","","Extract Criteria","","FormulaTranslation","HCM_SKHUBCHA_20251706_test,null","","HCM_SKHUBCHA_20251706_test","NL","US","","","","#null"
"HCM_SKHUBCHA_20251706_test","2025/06/17","4712/12/31","","Extract Criteria","","FormulaTranslation","HCM_SKHUBCHA_20251706_test,null","","HCM_SKHUBCHA_20251706_test","PL","US","","","","#null"
"HCM_SKHUBCHA_20251706_test","2025/06/17","4712/12/31","","Extract Criteria","","FormulaTranslation","HCM_SKHUBCHA_20251706_test,null","","HCM_SKHUBCHA_20251706_test","PTB","US","","","","#null"
"HCM_SKHUBCHA_20251706_test","2025/06/17","4712/12/31","","Extract Criteria","","FormulaTranslation","HCM_SKHUBCHA_20251706_test,null","","HCM_SKHUBCHA_20251706_test","RO","US","","","","#null"
"HCM_SKHUBCHA_20251706_test","2025/06/17","4712/12/31","","Extract Criteria","","FormulaTranslation","HCM_SKHUBCHA_20251706_test,null","","HCM_SKHUBCHA_20251706_test","RU","US","","","","#null"
"HCM_SKHUBCHA_20251706_test","2025/06/17","4712/12/31","","Extract Criteria","","FormulaTranslation","HCM_SKHUBCHA_20251706_test,null","","HCM_SKHUBCHA_20251706_test","S","US","","","","#null"
"HCM_SKHUBCHA_20251706_test","2025/06/17","4712/12/31","","Extract Criteria","","FormulaTranslation","HCM_SKHUBCHA_20251706_test,null","","HCM_SKHUBCHA_20251706_test","SF","US","","","","#null"
"HCM_SKHUBCHA_20251706_test","2025/06/17","4712/12/31","","Extract Criteria","","FormulaTranslation","HCM_SKHUBCHA_20251706_test,null","","HCM_SKHUBCHA_20251706_test","SK","US","","","","#null"
"HCM_SKHUBCHA_20251706_test","2025/06/17","4712/12/31","","Extract Criteria","","FormulaTranslation","HCM_SKHUBCHA_20251706_test,null","","HCM_SKHUBCHA_20251706_test","TH","US","","","","#null"
"HCM_SKHUBCHA_20251706_test","2025/06/17","4712/12/31","","Extract Criteria","","FormulaTranslation","HCM_SKHUBCHA_20251706_test,null","","HCM_SKHUBCHA_20251706_test","TR","US","","","","#null"
"HCM_SKHUBCHA_20251706_test","2025/06/17","4712/12/31","","Extract Criteria","","FormulaTranslation","HCM_SKHUBCHA_20251706_test,null","","HCM_SKHUBCHA_20251706_test","UK","US","","","","#null"
"HCM_SKHUBCHA_20251706_test","2025/06/17","4712/12/31","","Extract Criteria","","FormulaTranslation","HCM_SKHUBCHA_20251706_test,null","","HCM_SKHUBCHA_20251706_test","US","US","","","","#null"
"HCM_SKHUBCHA_20251706_test","2025/06/17","4712/12/31","","Extract Criteria","","FormulaTranslation","HCM_SKHUBCHA_20251706_test,null","","HCM_SKHUBCHA_20251706_test","VN","US","","","","#null"
"HCM_SKHUBCHA_20251706_test","2025/06/17","4712/12/31","","Extract Criteria","","FormulaTranslation","HCM_SKHUBCHA_20251706_test,null","","HCM_SKHUBCHA_20251706_test","ZHS","US","","","","#null"
"HCM_SKHUBCHA_20251706_test","2025/06/17","4712/12/31","","Extract Criteria","","FormulaTranslation","HCM_SKHUBCHA_20251706_test,null","","HCM_SKHUBCHA_20251706_test","ZHT","US","","","","#null"
