"FF_GLOBAL.GlobalName","FF_GLOBAL.EffectiveStartDate","FF_GLOBAL.EffectiveEndDate","FF_GLOBAL.LegislativeDataGroupName","ViewInstanceName","GroupingKey","Description","GlobalName","Language","SourceLang","LegislativeDataGroupName","BaseGlobalName","GlobalId","LegislativeDataGroupId"
"SEC_TEST","1951/01/01","4712/01/01","US Legislative Data Group","GlobalNameTranslation","SEC_TEST,US Legislative Data Group","","SEC_TEST","US","US","US Legislative Data Group","SEC_TEST","",""
"SEC_TEST","1951/01/01","4712/01/01","US Legislative Data Group","GlobalNameTranslation","SEC_TEST,US Legislative Data Group","","SEC_TEST","AR","US","US Legislative Data Group","SEC_TEST","",""
"SEC_TEST","1951/01/01","4712/01/01","US Legislative Data Group","GlobalNameTranslation","SEC_TEST,US Legislative Data Group","","SEC_TEST","CS","US","US Legislative Data Group","SEC_TEST","",""
"SEC_TEST","1951/01/01","4712/01/01","US Legislative Data Group","GlobalNameTranslation","SEC_TEST,US Legislative Data Group","","SEC_TEST","D","US","US Legislative Data Group","SEC_TEST","",""
"SEC_TEST","1951/01/01","4712/01/01","US Legislative Data Group","GlobalNameTranslation","SEC_TEST,US Legislative Data Group","","SEC_TEST","DK","US","US Legislative Data Group","SEC_TEST","",""
"SEC_TEST","1951/01/01","4712/01/01","US Legislative Data Group","GlobalNameTranslation","SEC_TEST,US Legislative Data Group","","SEC_TEST","E","US","US Legislative Data Group","SEC_TEST","",""
"SEC_TEST","1951/01/01","4712/01/01","US Legislative Data Group","GlobalNameTranslation","SEC_TEST,US Legislative Data Group","","SEC_TEST","EL","US","US Legislative Data Group","SEC_TEST","",""
"SEC_TEST","1951/01/01","4712/01/01","US Legislative Data Group","GlobalNameTranslation","SEC_TEST,US Legislative Data Group","","SEC_TEST","F","US","US Legislative Data Group","SEC_TEST","",""
"SEC_TEST","1951/01/01","4712/01/01","US Legislative Data Group","GlobalNameTranslation","SEC_TEST,US Legislative Data Group","","SEC_TEST","FRC","US","US Legislative Data Group","SEC_TEST","",""
"SEC_TEST","1951/01/01","4712/01/01","US Legislative Data Group","GlobalNameTranslation","SEC_TEST,US Legislative Data Group","","SEC_TEST","HR","US","US Legislative Data Group","SEC_TEST","",""
"SEC_TEST","1951/01/01","4712/01/01","US Legislative Data Group","GlobalNameTranslation","SEC_TEST,US Legislative Data Group","","SEC_TEST","HU","US","US Legislative Data Group","SEC_TEST","",""
"SEC_TEST","1951/01/01","4712/01/01","US Legislative Data Group","GlobalNameTranslation","SEC_TEST,US Legislative Data Group","","SEC_TEST","I","US","US Legislative Data Group","SEC_TEST","",""
"SEC_TEST","1951/01/01","4712/01/01","US Legislative Data Group","GlobalNameTranslation","SEC_TEST,US Legislative Data Group","","SEC_TEST","IW","US","US Legislative Data Group","SEC_TEST","",""
"SEC_TEST","1951/01/01","4712/01/01","US Legislative Data Group","GlobalNameTranslation","SEC_TEST,US Legislative Data Group","","SEC_TEST","JA","US","US Legislative Data Group","SEC_TEST","",""
"SEC_TEST","1951/01/01","4712/01/01","US Legislative Data Group","GlobalNameTranslation","SEC_TEST,US Legislative Data Group","","SEC_TEST","KO","US","US Legislative Data Group","SEC_TEST","",""
"SEC_TEST","1951/01/01","4712/01/01","US Legislative Data Group","GlobalNameTranslation","SEC_TEST,US Legislative Data Group","","SEC_TEST","N","US","US Legislative Data Group","SEC_TEST","",""
"SEC_TEST","1951/01/01","4712/01/01","US Legislative Data Group","GlobalNameTranslation","SEC_TEST,US Legislative Data Group","","SEC_TEST","NL","US","US Legislative Data Group","SEC_TEST","",""
"SEC_TEST","1951/01/01","4712/01/01","US Legislative Data Group","GlobalNameTranslation","SEC_TEST,US Legislative Data Group","","SEC_TEST","PL","US","US Legislative Data Group","SEC_TEST","",""
"SEC_TEST","1951/01/01","4712/01/01","US Legislative Data Group","GlobalNameTranslation","SEC_TEST,US Legislative Data Group","","SEC_TEST","PTB","US","US Legislative Data Group","SEC_TEST","",""
"SEC_TEST","1951/01/01","4712/01/01","US Legislative Data Group","GlobalNameTranslation","SEC_TEST,US Legislative Data Group","","SEC_TEST","RO","US","US Legislative Data Group","SEC_TEST","",""
"SEC_TEST","1951/01/01","4712/01/01","US Legislative Data Group","GlobalNameTranslation","SEC_TEST,US Legislative Data Group","","SEC_TEST","RU","US","US Legislative Data Group","SEC_TEST","",""
"SEC_TEST","1951/01/01","4712/01/01","US Legislative Data Group","GlobalNameTranslation","SEC_TEST,US Legislative Data Group","","SEC_TEST","S","US","US Legislative Data Group","SEC_TEST","",""
"SEC_TEST","1951/01/01","4712/01/01","US Legislative Data Group","GlobalNameTranslation","SEC_TEST,US Legislative Data Group","","SEC_TEST","SF","US","US Legislative Data Group","SEC_TEST","",""
"SEC_TEST","1951/01/01","4712/01/01","US Legislative Data Group","GlobalNameTranslation","SEC_TEST,US Legislative Data Group","","SEC_TEST","SK","US","US Legislative Data Group","SEC_TEST","",""
"SEC_TEST","1951/01/01","4712/01/01","US Legislative Data Group","GlobalNameTranslation","SEC_TEST,US Legislative Data Group","","SEC_TEST","TH","US","US Legislative Data Group","SEC_TEST","",""
"SEC_TEST","1951/01/01","4712/01/01","US Legislative Data Group","GlobalNameTranslation","SEC_TEST,US Legislative Data Group","","SEC_TEST","TR","US","US Legislative Data Group","SEC_TEST","",""
"SEC_TEST","1951/01/01","4712/01/01","US Legislative Data Group","GlobalNameTranslation","SEC_TEST,US Legislative Data Group","","SEC_TEST","ZHS","US","US Legislative Data Group","SEC_TEST","",""
"SEC_TEST","1951/01/01","4712/01/01","US Legislative Data Group","GlobalNameTranslation","SEC_TEST,US Legislative Data Group","","SEC_TEST","ZHT","US","US Legislative Data Group","SEC_TEST","",""
"SEC_TEST","1951/01/01","4712/01/01","US Legislative Data Group","GlobalNameTranslation","SEC_TEST,US Legislative Data Group","","SEC_TEST","VN","US","US Legislative Data Group","SEC_TEST","",""
"SEC_TEST","1951/01/01","4712/01/01","US Legislative Data Group","GlobalNameTranslation","SEC_TEST,US Legislative Data Group","","SEC_TEST","UK","US","US Legislative Data Group","SEC_TEST","",""
