"FF_FORMULA.FormulaName","FF_FORMULA.EffectiveStartDate","FF_FORMULA.EffectiveEndDate","FF_FORMULA.LegislativeDataGroupName","FF_FORMULA.FormulaTypeName","FF_FORMULA.LegislationCode","ViewInstanceName","GroupingKey","Description","FormulaName","Language","SourceLang","LegislativeDataGroupName","BaseFormulaName","FormulaId","LegislativeDataGroupId"
"FF_SKHUBCHA_20250616_test","2025/06/16","4712/12/31","","Extract Criteria","","FormulaTranslation","FF_SKHUBCHA_20250616_test,null","test FF","FF_SKHUBCHA_20250616_test","CS","US","","","","#null"
"FF_SKHUBCHA_20250616_test","2025/06/16","4712/12/31","","Extract Criteria","","FormulaTranslation","FF_SKHUBCHA_20250616_test,null","test FF","FF_SKHUBCHA_20250616_test","D","US","","","","#null"
"FF_SKHUBCHA_20250616_test","2025/06/16","4712/12/31","","Extract Criteria","","FormulaTranslation","FF_SKHUBCHA_20250616_test,null","test FF","FF_SKHUBCHA_20250616_test","DK","US","","","","#null"
"FF_SKHUBCHA_20250616_test","2025/06/16","4712/12/31","","Extract Criteria","","FormulaTranslation","FF_SKHUBCHA_20250616_test,null","test FF","FF_SKHUBCHA_20250616_test","E","US","","","","#null"
"FF_SKHUBCHA_20250616_test","2025/06/16","4712/12/31","","Extract Criteria","","FormulaTranslation","FF_SKHUBCHA_20250616_test,null","test FF","FF_SKHUBCHA_20250616_test","F","US","","","","#null"
"FF_SKHUBCHA_20250616_test","2025/06/16","4712/12/31","","Extract Criteria","","FormulaTranslation","FF_SKHUBCHA_20250616_test,null","test FF","FF_SKHUBCHA_20250616_test","FRC","US","","","","#null"
"FF_SKHUBCHA_20250616_test","2025/06/16","4712/12/31","","Extract Criteria","","FormulaTranslation","FF_SKHUBCHA_20250616_test,null","test FF","FF_SKHUBCHA_20250616_test","HU","US","","","","#null"
"FF_SKHUBCHA_20250616_test","2025/06/16","4712/12/31","","Extract Criteria","","FormulaTranslation","FF_SKHUBCHA_20250616_test,null","test FF","FF_SKHUBCHA_20250616_test","I","US","","","","#null"
"FF_SKHUBCHA_20250616_test","2025/06/16","4712/12/31","","Extract Criteria","","FormulaTranslation","FF_SKHUBCHA_20250616_test,null","test FF","FF_SKHUBCHA_20250616_test","KO","US","","","","#null"
"FF_SKHUBCHA_20250616_test","2025/06/16","4712/12/31","","Extract Criteria","","FormulaTranslation","FF_SKHUBCHA_20250616_test,null","test FF","FF_SKHUBCHA_20250616_test","N","US","","","","#null"
"FF_SKHUBCHA_20250616_test","2025/06/16","4712/12/31","","Extract Criteria","","FormulaTranslation","FF_SKHUBCHA_20250616_test,null","test FF","FF_SKHUBCHA_20250616_test","NL","US","","","","#null"
"FF_SKHUBCHA_20250616_test","2025/06/16","4712/12/31","","Extract Criteria","","FormulaTranslation","FF_SKHUBCHA_20250616_test,null","test FF","FF_SKHUBCHA_20250616_test","PL","US","","","","#null"
"FF_SKHUBCHA_20250616_test","2025/06/16","4712/12/31","","Extract Criteria","","FormulaTranslation","FF_SKHUBCHA_20250616_test,null","test FF","FF_SKHUBCHA_20250616_test","PTB","US","","","","#null"
"FF_SKHUBCHA_20250616_test","2025/06/16","4712/12/31","","Extract Criteria","","FormulaTranslation","FF_SKHUBCHA_20250616_test,null","test FF","FF_SKHUBCHA_20250616_test","RO","US","","","","#null"
"FF_SKHUBCHA_20250616_test","2025/06/16","4712/12/31","","Extract Criteria","","FormulaTranslation","FF_SKHUBCHA_20250616_test,null","test FF","FF_SKHUBCHA_20250616_test","S","US","","","","#null"
"FF_SKHUBCHA_20250616_test","2025/06/16","4712/12/31","","Extract Criteria","","FormulaTranslation","FF_SKHUBCHA_20250616_test,null","test FF","FF_SKHUBCHA_20250616_test","SF","US","","","","#null"
"FF_SKHUBCHA_20250616_test","2025/06/16","4712/12/31","","Extract Criteria","","FormulaTranslation","FF_SKHUBCHA_20250616_test,null","test FF","FF_SKHUBCHA_20250616_test","TH","US","","","","#null"
"FF_SKHUBCHA_20250616_test","2025/06/16","4712/12/31","","Extract Criteria","","FormulaTranslation","FF_SKHUBCHA_20250616_test,null","test FF","FF_SKHUBCHA_20250616_test","TR","US","","","","#null"
"FF_SKHUBCHA_20250616_test","2025/06/16","4712/12/31","","Extract Criteria","","FormulaTranslation","FF_SKHUBCHA_20250616_test,null","test FF","FF_SKHUBCHA_20250616_test","US","US","","","","#null"
"FF_SKHUBCHA_20250616_test","2025/06/16","4712/12/31","","Extract Criteria","","FormulaTranslation","FF_SKHUBCHA_20250616_test,null","test FF","FF_SKHUBCHA_20250616_test","VN","US","","","","#null"
"FF_SKHUBCHA_20250616_test","2025/06/16","4712/12/31","","Extract Criteria","","FormulaTranslation","FF_SKHUBCHA_20250616_test,null","test FF","FF_SKHUBCHA_20250616_test","ZHS","US","","","","#null"
"FF_SKHUBCHA_20250616_test","2025/06/16","4712/12/31","","Extract Criteria","","FormulaTranslation","FF_SKHUBCHA_20250616_test,null","test FF","FF_SKHUBCHA_20250616_test","ZHT","US","","","","#null"
